student_id,dropout_year
vw240,2015 - 2016
ac471,2015 - 2016
ms784,2015 - 2016
jc395,2015 - 2016
mb477,2015 - 2016
ab681,2015 - 2016
jc911,2015 - 2016
jc632,2015 - 2016
tb207,2015 - 2016
jp912,2015 - 2016
ah573,2015 - 2016
ep413,2015 - 2016
mm624,2015 - 2016
er305,2015 - 2016
ae573,2015 - 2016
ah649,2015 - 2016
nk135,2015 - 2016
ls556,2015 - 2016
dj583,2015 - 2016
jc705,2015 - 2016
wl956,2015 - 2016
mc482,2015 - 2016
jl242,2015 - 2016
jl523,2015 - 2016
sj457,2015 - 2016
br149,2015 - 2016
kb162,2015 - 2016
ja307,2015 - 2016
mh398,2015 - 2016
aw107,2015 - 2016
tc585,2015 - 2016
jl677,2015 - 2016
sg214,2015 - 2016
dt976,2015 - 2016
tc296,2015 - 2016
vb532,2015 - 2016
jh896,2015 - 2016
ja202,2015 - 2016
mb654,2015 - 2016
em254,2015 - 2016
tb106,2015 - 2016
ab438,2015 - 2016
ts857,2015 - 2016
jv980,2015 - 2016
bs678,2015 - 2016
lp189,2015 - 2016
jt831,2015 - 2016
je563,2015 - 2016
dy286,2015 - 2016
mc666,2015 - 2016
cr456,2015 - 2016
bc732,2015 - 2016
bb456,2015 - 2016
ds840,2015 - 2016
cb237,2015 - 2016
wb532,2015 - 2016
kr772,2015 - 2016
ew131,2015 - 2016
rr890,2015 - 2016
cl769,2015 - 2016
kt692,2015 - 2016
mn286,2015 - 2016
sg190,2015 - 2016
tb842,2015 - 2016
ef273,2015 - 2016
kw892,2015 - 2016
ms676,2015 - 2016
lt243,2015 - 2016
sn374,2015 - 2016
ng480,2015 - 2016
mr479,2015 - 2016
jr401,2015 - 2016
sr642,2015 - 2016
jf251,2015 - 2016
co592,2015 - 2016
rm646,2015 - 2016
mg550,2015 - 2016
da876,2015 - 2016
mr922,2015 - 2016
mc582,2015 - 2016
tj443,2015 - 2016
sa560,2015 - 2016
kg716,2015 - 2016
jp967,2015 - 2016
nh686,2015 - 2016
vr446,2015 - 2016
me637,2015 - 2016
kh467,2015 - 2016
jg886,2015 - 2016
dc964,2015 - 2016
cg468,2015 - 2016
ja728,2015 - 2016
cf540,2015 - 2016
cw121,2015 - 2016
sj598,2015 - 2016
df197,2015 - 2016
md988,2015 - 2016
ak394,2015 - 2016
js354,2016 - 2017
lb211,2016 - 2017
eb502,2016 - 2017
jk288,2016 - 2017
aw429,2016 - 2017
ay190,2016 - 2017
sm504,2016 - 2017
pj114,2016 - 2017
jb382,2016 - 2017
kc429,2016 - 2017
tk397,2016 - 2017
ml303,2016 - 2017
mh249,2016 - 2017
kj606,2016 - 2017
rb340,2016 - 2017
rm248,2016 - 2017
dm275,2016 - 2017
jf291,2016 - 2017
dc986,2016 - 2017
ah874,2016 - 2017
jg433,2016 - 2017
mm796,2016 - 2017
rb908,2016 - 2017
es747,2016 - 2017
bb420,2016 - 2017
mm162,2016 - 2017
ap958,2016 - 2017
ec171,2016 - 2017
dp924,2016 - 2017
ar118,2016 - 2017
cs132,2016 - 2017
as128,2016 - 2017
jv231,2016 - 2017
eb213,2016 - 2017
kd854,2016 - 2017
rs779,2016 - 2017
mg529,2016 - 2017
mm406,2016 - 2017
dm403,2016 - 2017
mb132,2016 - 2017
am909,2016 - 2017
tj930,2016 - 2017
tl307,2016 - 2017
js149,2016 - 2017
nt785,2016 - 2017
kt299,2016 - 2017
bc388,2016 - 2017
sb880,2016 - 2017
ms867,2016 - 2017
rc643,2016 - 2017
ec250,2016 - 2017
dj757,2016 - 2017
bf434,2016 - 2017
gl841,2016 - 2017
bb219,2016 - 2017
mj975,2016 - 2017
ev777,2016 - 2017
mg706,2016 - 2017
cg507,2016 - 2017
ag925,2016 - 2017
ml989,2016 - 2017
ah259,2016 - 2017
ao117,2016 - 2017
lg811,2016 - 2017
cb543,2016 - 2017
jg866,2016 - 2017
bj631,2016 - 2017
md492,2016 - 2017
ed792,2016 - 2017
rm963,2016 - 2017
jh943,2016 - 2017
bt741,2016 - 2017
mr885,2016 - 2017
rc447,2016 - 2017
kh634,2016 - 2017
jg347,2016 - 2017
rj418,2016 - 2017
ad288,2016 - 2017
rt552,2016 - 2017
dg714,2016 - 2017
cc594,2016 - 2017
ba705,2016 - 2017
tt649,2016 - 2017
dd414,2016 - 2017
jl571,2016 - 2017
mj392,2016 - 2017
sl507,2016 - 2017
kc315,2016 - 2017
es962,2016 - 2017
et426,2016 - 2017
jg355,2016 - 2017
ej120,2016 - 2017
cd366,2016 - 2017
cm144,2016 - 2017
pm172,2016 - 2017
jh618,2016 - 2017
br563,2016 - 2017
cs713,2016 - 2017
kf731,2016 - 2017
jb753,2016 - 2017
tj154,2016 - 2017
cb393,2016 - 2017
jc707,2016 - 2017
rw136,2016 - 2017
db331,2016 - 2017
tg714,2016 - 2017
aw333,2016 - 2017
sb131,2016 - 2017
jl101,2016 - 2017
dr454,2016 - 2017
js713,2016 - 2017
sp545,2016 - 2017
mv556,2016 - 2017
en921,2016 - 2017
js774,2017 - 2018
sc768,2017 - 2018
wy239,2017 - 2018
lh339,2017 - 2018
dp968,2017 - 2018
jp827,2017 - 2018
ks751,2017 - 2018
rf263,2017 - 2018
cw746,2017 - 2018
cb385,2017 - 2018
vk103,2017 - 2018
ar919,2017 - 2018
em681,2017 - 2018
mj556,2017 - 2018
sm146,2017 - 2018
cm165,2017 - 2018
jt322,2017 - 2018
vs407,2017 - 2018
sp635,2017 - 2018
dp388,2017 - 2018
wt620,2017 - 2018
tc773,2017 - 2018
at895,2017 - 2018
gs194,2017 - 2018
mp508,2017 - 2018
lt695,2017 - 2018
bl855,2017 - 2018
nh450,2017 - 2018
jb535,2017 - 2018
vc295,2017 - 2018
sh858,2017 - 2018
vh931,2017 - 2018
kb999,2017 - 2018
cr201,2017 - 2018
jm860,2017 - 2018
dp296,2017 - 2018
mk784,2017 - 2018
ww617,2017 - 2018
wt588,2017 - 2018
jm965,2017 - 2018
gm623,2017 - 2018
bs782,2017 - 2018
br773,2017 - 2018
jm404,2017 - 2018
ch591,2017 - 2018
lr631,2017 - 2018
cc697,2017 - 2018
gr655,2017 - 2018
ch589,2017 - 2018
lg571,2017 - 2018
tk619,2017 - 2018
pl139,2017 - 2018
kr571,2017 - 2018
rd667,2017 - 2018
jc376,2017 - 2018
tw969,2017 - 2018
so893,2017 - 2018
sr810,2017 - 2018
ao444,2017 - 2018
am456,2017 - 2018
mf417,2017 - 2018
sh514,2017 - 2018
gg563,2017 - 2018
tb907,2017 - 2018
tb959,2017 - 2018
gd434,2017 - 2018
am898,2017 - 2018
sc524,2017 - 2018
sk881,2017 - 2018
dj403,2017 - 2018
je169,2017 - 2018
kg136,2017 - 2018
md862,2017 - 2018
rm808,2017 - 2018
tc616,2017 - 2018
rh979,2017 - 2018
ca117,2017 - 2018
wr132,2017 - 2018
cs319,2017 - 2018
jb792,2017 - 2018
tk228,2017 - 2018
ns569,2017 - 2018
jm704,2017 - 2018
tr873,2017 - 2018
rc176,2017 - 2018
lw930,2017 - 2018
md568,2017 - 2018
fj966,2017 - 2018
ph664,2017 - 2018
jc182,2017 - 2018
rh668,2017 - 2018
tw334,2017 - 2018
ca841,2017 - 2018
cc791,2017 - 2018
cg993,2017 - 2018
dm242,2017 - 2018
ds784,2017 - 2018
as656,2017 - 2018
tf116,2017 - 2018
jl663,2017 - 2018
ss146,2017 - 2018
ah437,2017 - 2018
sb980,2017 - 2018
rh310,2017 - 2018
bh970,2017 - 2018
cs594,2017 - 2018
zc949,2017 - 2018
pj636,2018 - 2019
eg495,2018 - 2019
ss227,2018 - 2019
jy927,2018 - 2019
ba955,2018 - 2019
jc807,2018 - 2019
bm282,2018 - 2019
jc244,2018 - 2019
cl847,2018 - 2019
ss150,2018 - 2019
el336,2018 - 2019
al309,2018 - 2019
tw199,2018 - 2019
kr384,2018 - 2019
dh938,2018 - 2019
kw181,2018 - 2019
wm611,2018 - 2019
ds826,2018 - 2019
rl713,2018 - 2019
ls747,2018 - 2019
jk149,2018 - 2019
we879,2018 - 2019
ar172,2018 - 2019
cw554,2018 - 2019
nh391,2018 - 2019
zy562,2018 - 2019
jb683,2018 - 2019
ac663,2018 - 2019
sp994,2018 - 2019
cl246,2018 - 2019
jc133,2018 - 2019
hv478,2018 - 2019
ms101,2018 - 2019
sp276,2018 - 2019
mf606,2018 - 2019
jj974,2018 - 2019
ch465,2018 - 2019
jw298,2018 - 2019
db479,2018 - 2019
sb460,2018 - 2019
sb251,2018 - 2019
ti468,2018 - 2019
sb574,2018 - 2019
nm542,2018 - 2019
ar466,2018 - 2019
bb266,2018 - 2019
ja942,2018 - 2019
am512,2018 - 2019
tp867,2018 - 2019
dw374,2018 - 2019
al538,2018 - 2019
sc802,2018 - 2019
ms849,2018 - 2019
gm588,2018 - 2019
lw965,2018 - 2019
se885,2018 - 2019
sd622,2018 - 2019
ar651,2018 - 2019
sb931,2018 - 2019
dn903,2018 - 2019
lo491,2018 - 2019
mo166,2018 - 2019
jh199,2018 - 2019
jh165,2018 - 2019
rd112,2018 - 2019
kw679,2018 - 2019
aj327,2018 - 2019
jd450,2018 - 2019
jo629,2018 - 2019
rc484,2018 - 2019
kc687,2018 - 2019
jb554,2018 - 2019
rj541,2018 - 2019
rr691,2018 - 2019
lm691,2018 - 2019
we469,2018 - 2019
am717,2018 - 2019
pf589,2018 - 2019
dm357,2018 - 2019
jt500,2018 - 2019
cm202,2018 - 2019
jp159,2018 - 2019
eh809,2018 - 2019
hj378,2018 - 2019
cd610,2018 - 2019
bb280,2018 - 2019
af711,2018 - 2019
js392,2018 - 2019
an778,2018 - 2019
ab308,2018 - 2019
cb254,2018 - 2019
cd680,2018 - 2019
br735,2018 - 2019
ce487,2018 - 2019
rc984,2018 - 2019
jb277,2018 - 2019
jb974,2018 - 2019
sn224,2018 - 2019
bw593,2018 - 2019
sa741,2018 - 2019
rs355,2018 - 2019
jc832,2018 - 2019
kj233,2018 - 2019
lg430,2018 - 2019
eg318,2018 - 2019
cs721,2018 - 2019
tb573,2018 - 2019
ch107,2018 - 2019
br716,2018 - 2019
ds872,2018 - 2019
lh208,2018 - 2019
js502,2018 - 2019
cn895,2018 - 2019
kc362,2018 - 2019
bw162,2018 - 2019
st956,2018 - 2019
ka620,2018 - 2019
pt124,2018 - 2019
af976,2018 - 2019
pb202,2018 - 2019
rh275,2018 - 2019
at926,2018 - 2019
jj234,2018 - 2019
wm290,2018 - 2019
pl134,2018 - 2019
bm329,2018 - 2019
tc635,2019 - 2020
ne475,2019 - 2020
jf862,2019 - 2020
dw448,2019 - 2020
gm278,2019 - 2020
so379,2019 - 2020
lm154,2019 - 2020
db793,2019 - 2020
bw253,2019 - 2020
tw950,2019 - 2020
cs237,2019 - 2020
ew767,2019 - 2020
kd532,2019 - 2020
jn554,2019 - 2020
aw856,2019 - 2020
ee512,2019 - 2020
bk443,2019 - 2020
bf373,2019 - 2020
jc667,2019 - 2020
as300,2019 - 2020
jh535,2019 - 2020
sf295,2019 - 2020
tl281,2019 - 2020
jl513,2019 - 2020
nw216,2019 - 2020
pm874,2019 - 2020
gp947,2019 - 2020
cc179,2019 - 2020
ee462,2019 - 2020
mr427,2019 - 2020
cs930,2019 - 2020
dm607,2019 - 2020
ko287,2019 - 2020
ko426,2019 - 2020
jb690,2019 - 2020
ra921,2019 - 2020
wm423,2019 - 2020
gh143,2019 - 2020
co298,2019 - 2020
jm979,2019 - 2020
ed122,2019 - 2020
hs334,2019 - 2020
mk215,2019 - 2020
jh678,2019 - 2020
am603,2019 - 2020
tf840,2019 - 2020
jv292,2019 - 2020
mr267,2019 - 2020
hl607,2019 - 2020
sy933,2019 - 2020
dn864,2019 - 2020
jv135,2019 - 2020
eo687,2019 - 2020
js206,2019 - 2020
tk719,2019 - 2020
ec734,2019 - 2020
cs130,2019 - 2020
rw151,2019 - 2020
cg181,2019 - 2020
hs140,2019 - 2020
mr511,2019 - 2020
jt377,2019 - 2020
cv636,2019 - 2020
mm515,2019 - 2020
lw709,2019 - 2020
lc203,2019 - 2020
mg950,2019 - 2020
rc891,2019 - 2020
cp441,2019 - 2020
af910,2019 - 2020
cg259,2019 - 2020
jw648,2019 - 2020
rs639,2019 - 2020
tr727,2019 - 2020
sa161,2019 - 2020
mc778,2019 - 2020
ng647,2019 - 2020
bb729,2019 - 2020
rh273,2019 - 2020
sj898,2019 - 2020
sb790,2019 - 2020
fh870,2019 - 2020
vd634,2019 - 2020
jr809,2019 - 2020
bb712,2019 - 2020
ao370,2019 - 2020
jm651,2019 - 2020
wc526,2019 - 2020
ju320,2019 - 2020
ss235,2019 - 2020
jh410,2019 - 2020
cm427,2019 - 2020
mf639,2019 - 2020
mr328,2019 - 2020
wh399,2019 - 2020
mt380,2019 - 2020
vp983,2020 - 2021
ct763,2020 - 2021
co100,2020 - 2021
cc317,2020 - 2021
js406,2020 - 2021
rm198,2020 - 2021
jj434,2020 - 2021
cm272,2020 - 2021
cs347,2020 - 2021
ch143,2020 - 2021
jh683,2020 - 2021
bj865,2020 - 2021
ss511,2020 - 2021
cw774,2020 - 2021
cc852,2020 - 2021
ms805,2020 - 2021
kh216,2020 - 2021
ff484,2020 - 2021
kj693,2020 - 2021
cb643,2020 - 2021
lh944,2020 - 2021
kr631,2020 - 2021
dg210,2020 - 2021
rm162,2020 - 2021
ww640,2020 - 2021
sb719,2020 - 2021
mn643,2020 - 2021
al806,2020 - 2021
sh886,2020 - 2021
as182,2020 - 2021
ms464,2020 - 2021
jm852,2020 - 2021
me724,2020 - 2021
ab377,2020 - 2021
js625,2020 - 2021
dm723,2020 - 2021
ah147,2020 - 2021
cj118,2020 - 2021
jq238,2020 - 2021
kb488,2020 - 2021
ah734,2020 - 2021
lw320,2020 - 2021
ms799,2020 - 2021
rf553,2020 - 2021
tg252,2020 - 2021
pb741,2020 - 2021
mb689,2020 - 2021
kt430,2020 - 2021
jm411,2020 - 2021
cw809,2020 - 2021
mc988,2020 - 2021
ah146,2020 - 2021
lh116,2020 - 2021
dp179,2020 - 2021
bw700,2020 - 2021
jc627,2020 - 2021
nc202,2020 - 2021
rt539,2020 - 2021
da163,2020 - 2021
lr443,2020 - 2021
kw210,2020 - 2021
cf447,2020 - 2021
vs384,2020 - 2021
bj440,2020 - 2021
jc578,2020 - 2021
ld795,2020 - 2021
cm122,2020 - 2021
jm670,2020 - 2021
ds361,2020 - 2021
ks848,2020 - 2021
ac705,2020 - 2021
jm441,2020 - 2021
mh614,2020 - 2021
ac435,2020 - 2021
aw448,2020 - 2021
at188,2020 - 2021
ap732,2020 - 2021
sl235,2020 - 2021
cs254,2020 - 2021
jr804,2020 - 2021
df386,2020 - 2021
ns421,2020 - 2021
cp235,2020 - 2021
jh530,2020 - 2021
kb423,2020 - 2021
kv204,2020 - 2021
ap860,2020 - 2021
dh571,2020 - 2021
jm962,2020 - 2021
et485,2020 - 2021
mw256,2020 - 2021
kw876,2020 - 2021
rn982,2020 - 2021
cg934,2020 - 2021
jy641,2020 - 2021
jl479,2020 - 2021
ja619,2020 - 2021
ja301,2020 - 2021
hp838,2020 - 2021
cr605,2020 - 2021
jb313,2020 - 2021
hv801,2020 - 2021
mt436,2020 - 2021
ao915,2020 - 2021
cs900,2020 - 2021
ew716,2020 - 2021
wg853,2020 - 2021
dp605,2020 - 2021
aj417,2020 - 2021
cc191,2020 - 2021
sv805,2021 - 2022
jp879,2021 - 2022
mf446,2021 - 2022
md529,2021 - 2022
mm999,2021 - 2022
gw208,2021 - 2022
kb982,2021 - 2022
dd849,2021 - 2022
jh904,2021 - 2022
sm975,2021 - 2022
vp116,2021 - 2022
gr118,2021 - 2022
wb419,2021 - 2022
nc953,2021 - 2022
hr335,2021 - 2022
jh322,2021 - 2022
jp733,2021 - 2022
dm675,2021 - 2022
ca249,2021 - 2022
hw964,2021 - 2022
rr282,2021 - 2022
gc197,2021 - 2022
tn597,2021 - 2022
am628,2021 - 2022
sn450,2021 - 2022
cp521,2021 - 2022
mb721,2021 - 2022
sc476,2021 - 2022
se463,2021 - 2022
ts481,2021 - 2022
kc585,2021 - 2022
jl570,2021 - 2022
th410,2021 - 2022
sd842,2021 - 2022
kw477,2021 - 2022
bm135,2021 - 2022
ar524,2021 - 2022
jg125,2021 - 2022
vs140,2021 - 2022
ts612,2021 - 2022
ap660,2021 - 2022
et772,2021 - 2022
mb623,2021 - 2022
jf786,2021 - 2022
bc234,2021 - 2022
rb522,2021 - 2022
bw502,2021 - 2022
db934,2021 - 2022
jt256,2021 - 2022
jr791,2021 - 2022
hc772,2021 - 2022
cj411,2021 - 2022
vf256,2021 - 2022
ca240,2021 - 2022
mw293,2021 - 2022
jn253,2021 - 2022
tj714,2021 - 2022
cb960,2021 - 2022
tp299,2021 - 2022
cb508,2021 - 2022
jh737,2021 - 2022
lw964,2021 - 2022
ss846,2021 - 2022
rw637,2021 - 2022
kr114,2021 - 2022
tw949,2021 - 2022
dg877,2021 - 2022
bj209,2021 - 2022
cb380,2021 - 2022
cr585,2021 - 2022
cc518,2021 - 2022
mc758,2021 - 2022
nl394,2021 - 2022
ad344,2021 - 2022
aw263,2021 - 2022
jg246,2021 - 2022
kc762,2021 - 2022
ra775,2021 - 2022
nc852,2021 - 2022
st934,2021 - 2022
jw143,2021 - 2022
bn482,2021 - 2022
mc483,2021 - 2022
pl416,2021 - 2022
mj855,2021 - 2022
wb360,2021 - 2022
jb957,2021 - 2022
bj905,2021 - 2022
jl166,2021 - 2022
jc112,2021 - 2022
er421,2021 - 2022
jw214,2021 - 2022
jr801,2021 - 2022
lr159,2021 - 2022
dj316,2021 - 2022
lw230,2021 - 2022
at328,2021 - 2022
tt511,2021 - 2022
lb185,2021 - 2022
jk376,2021 - 2022
tm734,2021 - 2022
ah672,2021 - 2022
ra167,2022 - 2023
dj690,2022 - 2023
kr425,2022 - 2023
jg642,2022 - 2023
bp146,2022 - 2023
al372,2022 - 2023
ar717,2022 - 2023
cr767,2022 - 2023
rr597,2022 - 2023
ab537,2022 - 2023
nm223,2022 - 2023
js274,2022 - 2023
mb800,2022 - 2023
th822,2022 - 2023
ac299,2022 - 2023
mm337,2022 - 2023
bs712,2022 - 2023
nb421,2022 - 2023
ws284,2022 - 2023
cj947,2022 - 2023
ld138,2022 - 2023
jc153,2022 - 2023
em101,2022 - 2023
kg300,2022 - 2023
eb996,2022 - 2023
dt197,2022 - 2023
dr803,2022 - 2023
js150,2022 - 2023
wl607,2022 - 2023
js193,2022 - 2023
ch413,2022 - 2023
bh301,2022 - 2023
dc616,2022 - 2023
aj464,2022 - 2023
kg833,2022 - 2023
sw536,2022 - 2023
jr263,2022 - 2023
ms986,2022 - 2023
km891,2022 - 2023
tf346,2022 - 2023
kl820,2022 - 2023
kl614,2022 - 2023
sw811,2022 - 2023
bj668,2022 - 2023
sp695,2022 - 2023
ds270,2022 - 2023
db564,2022 - 2023
rb493,2022 - 2023
kp306,2022 - 2023
cj960,2022 - 2023
kw154,2022 - 2023
lc642,2022 - 2023
ks882,2022 - 2023
kj732,2022 - 2023
mb537,2022 - 2023
ar682,2022 - 2023
lc829,2022 - 2023
jw604,2022 - 2023
sh253,2022 - 2023
db516,2022 - 2023
ed724,2022 - 2023
cc952,2022 - 2023
mc627,2022 - 2023
jw969,2022 - 2023
rp800,2022 - 2023
ts178,2022 - 2023
am276,2022 - 2023
cm688,2022 - 2023
rl940,2022 - 2023
ts950,2022 - 2023
bs273,2022 - 2023
hd423,2022 - 2023
lc736,2022 - 2023
db264,2022 - 2023
jb727,2022 - 2023
kw521,2022 - 2023
sh946,2022 - 2023
jr940,2022 - 2023
ap469,2022 - 2023
ch731,2022 - 2023
sw532,2022 - 2023
dt779,2022 - 2023
kj527,2022 - 2023
cv397,2022 - 2023
ew311,2022 - 2023
rm514,2022 - 2023
af699,2022 - 2023
ar526,2022 - 2023
dr612,2022 - 2023
jt329,2022 - 2023
ms841,2022 - 2023
kg571,2022 - 2023
hb187,2022 - 2023
jt110,2022 - 2023
gb801,2022 - 2023
ph800,2022 - 2023
em706,2022 - 2023
aj587,2022 - 2023
pp639,2022 - 2023
bm136,2022 - 2023
jb432,2022 - 2023
md788,2023 - 2024
sa919,2023 - 2024
db582,2023 - 2024
mh755,2023 - 2024
lm745,2023 - 2024
mg907,2023 - 2024
wd129,2023 - 2024
mw459,2023 - 2024
jj453,2023 - 2024
bk887,2023 - 2024
mv907,2023 - 2024
ar310,2023 - 2024
mr818,2023 - 2024
gg759,2023 - 2024
kc135,2023 - 2024
bh302,2023 - 2024
se551,2023 - 2024
zd320,2023 - 2024
aj630,2023 - 2024
gg798,2023 - 2024
am317,2023 - 2024
lw945,2023 - 2024
mr107,2023 - 2024
jw246,2023 - 2024
lb342,2023 - 2024
tc564,2023 - 2024
jp583,2023 - 2024
tj193,2023 - 2024
jh718,2023 - 2024
ag382,2023 - 2024
am764,2023 - 2024
bh396,2023 - 2024
jm501,2023 - 2024
tc436,2023 - 2024
mh837,2023 - 2024
js780,2023 - 2024
jb404,2023 - 2024
as998,2023 - 2024
aw190,2023 - 2024
jh729,2023 - 2024
sp227,2023 - 2024
km946,2023 - 2024
pm608,2023 - 2024
dl479,2023 - 2024
jh727,2023 - 2024
nc736,2023 - 2024
cm769,2023 - 2024
ld190,2023 - 2024
mw335,2023 - 2024
he981,2023 - 2024
sk239,2023 - 2024
rs519,2023 - 2024
rg345,2023 - 2024
th977,2023 - 2024
pr118,2023 - 2024
ld596,2023 - 2024
st389,2023 - 2024
st247,2023 - 2024
jc629,2023 - 2024
am964,2023 - 2024
tf748,2023 - 2024
kj479,2023 - 2024
ah856,2023 - 2024
km793,2023 - 2024
ad249,2023 - 2024
mg218,2023 - 2024
ms620,2023 - 2024
tj429,2023 - 2024
pt427,2023 - 2024
ls799,2023 - 2024
kh842,2023 - 2024
bm177,2023 - 2024
rw468,2023 - 2024
as930,2023 - 2024
ts961,2023 - 2024
es296,2023 - 2024
sr814,2023 - 2024
ds534,2023 - 2024
dh766,2023 - 2024
db843,2023 - 2024
js855,2023 - 2024
jg487,2023 - 2024
jr504,2023 - 2024
wg136,2023 - 2024
wf246,2023 - 2024
vs551,2023 - 2024
dj178,2023 - 2024
jm394,2023 - 2024
rc744,2023 - 2024
ad777,2023 - 2024
em258,2023 - 2024
mb639,2023 - 2024
mp292,2023 - 2024
kv950,2023 - 2024
db716,2023 - 2024
sc601,2023 - 2024
cg458,2023 - 2024
ab259,2023 - 2024
ca699,2023 - 2024
sk252,2023 - 2024
wh997,2023 - 2024
cb686,2023 - 2024
lm539,2023 - 2024
mh371,2023 - 2024
pe858,2023 - 2024
tw316,2023 - 2024
dp219,2023 - 2024
ne261,2023 - 2024
ez242,2023 - 2024
rr552,2023 - 2024
nk969,2023 - 2024
ma649,2023 - 2024
