student_id,loa_year,return_year
cs950,2013 - 2014,2015 - 2016
sg575,2013 - 2014,2015 - 2016
bm384,2013 - 2014,2015 - 2016
cs187,2013 - 2014,2015 - 2016
ah239,2013 - 2014,2015 - 2016
bh167,2013 - 2014,2015 - 2016
er285,2013 - 2014,2015 - 2016
ea175,2013 - 2014,2015 - 2016
tr464,2013 - 2014,2015 - 2016
db397,2013 - 2014,2015 - 2016
pt226,2013 - 2014,2015 - 2016
sw464,2013 - 2014,2015 - 2016
ts655,2013 - 2014,2015 - 2016
kw808,2013 - 2014,2015 - 2016
mr588,2013 - 2014,2015 - 2016
kw786,2013 - 2014,2015 - 2016
mb202,2013 - 2014,2015 - 2016
jw598,2013 - 2014,2015 - 2016
yp585,2013 - 2014,2015 - 2016
ar109,2013 - 2014,2015 - 2016
rm682,2013 - 2014,2015 - 2016
dh408,2013 - 2014,2015 - 2016
ms616,2013 - 2014,2015 - 2016
jh618,2013 - 2014,2015 - 2016
jt461,2013 - 2014,2015 - 2016
dr907,2013 - 2014,2015 - 2016
mb349,2013 - 2014,2015 - 2016
mn439,2013 - 2014,2015 - 2016
ck501,2013 - 2014,2015 - 2016
sv773,2013 - 2014,2015 - 2016
rw153,2013 - 2014,2015 - 2016
ts856,2013 - 2014,2015 - 2016
db297,2013 - 2014,2015 - 2016
sw553,2013 - 2014,2015 - 2016
jr411,2013 - 2014,2015 - 2016
zw654,2013 - 2014,2015 - 2016
jc535,2013 - 2014,2015 - 2016
dm805,2013 - 2014,2015 - 2016
ss864,2013 - 2014,2015 - 2016
sd372,2013 - 2014,2015 - 2016
mr807,2013 - 2014,2015 - 2016
bm622,2013 - 2014,2015 - 2016
cr192,2013 - 2014,2015 - 2016
jr521,2013 - 2014,2015 - 2016
bs821,2013 - 2014,2015 - 2016
aw722,2013 - 2014,2015 - 2016
lt437,2013 - 2014,2015 - 2016
ml280,2013 - 2014,2015 - 2016
rw194,2013 - 2014,2015 - 2016
sj919,2013 - 2014,2015 - 2016
ks193,2013 - 2014,2015 - 2016
sm601,2013 - 2014,2015 - 2016
dg171,2013 - 2014,2015 - 2016
jw592,2013 - 2014,2015 - 2016
bs782,2013 - 2014,2015 - 2016
kh171,2013 - 2014,2015 - 2016
ew590,2013 - 2014,2015 - 2016
ao465,2013 - 2014,2015 - 2016
lr621,2013 - 2014,2015 - 2016
vr782,2013 - 2014,2015 - 2016
es407,2013 - 2014,2015 - 2016
pt451,2013 - 2014,2015 - 2016
jr944,2013 - 2014,2015 - 2016
kj849,2013 - 2014,2015 - 2016
jw578,2013 - 2014,2015 - 2016
cb811,2013 - 2014,2015 - 2016
vc994,2013 - 2014,2015 - 2016
mb775,2013 - 2014,2015 - 2016
jp520,2013 - 2014,2015 - 2016
wm312,2013 - 2014,2015 - 2016
ba696,2013 - 2014,2015 - 2016
ew852,2013 - 2014,2015 - 2016
jr594,2013 - 2014,2015 - 2016
rk736,2013 - 2014,2015 - 2016
db215,2013 - 2014,2015 - 2016
tk294,2013 - 2014,2015 - 2016
vw845,2013 - 2014,2015 - 2016
mr169,2013 - 2014,2015 - 2016
hs931,2013 - 2014,2015 - 2016
sg655,2013 - 2014,2015 - 2016
jc865,2013 - 2014,2015 - 2016
th455,2013 - 2014,2015 - 2016
jw734,2013 - 2014,2015 - 2016
jm207,2013 - 2014,2015 - 2016
rs114,2013 - 2014,2015 - 2016
rl580,2013 - 2014,2015 - 2016
ae229,2013 - 2014,2015 - 2016
ah761,2013 - 2014,2015 - 2016
jm494,2013 - 2014,2015 - 2016
mr650,2013 - 2014,2015 - 2016
pt828,2013 - 2014,2015 - 2016
as262,2013 - 2014,2015 - 2016
tl485,2013 - 2014,2015 - 2016
km802,2013 - 2014,2015 - 2016
wp545,2013 - 2014,2015 - 2016
sm718,2013 - 2014,2015 - 2016
sm221,2013 - 2014,2015 - 2016
wm364,2013 - 2014,2015 - 2016
bb827,2013 - 2014,2015 - 2016
jl109,2013 - 2014,2015 - 2016
aj653,2013 - 2014,2015 - 2016
ce945,2013 - 2014,2015 - 2016
lc890,2013 - 2014,2015 - 2016
cj329,2013 - 2014,2015 - 2016
ls160,2013 - 2014,2015 - 2016
jc253,2013 - 2014,2015 - 2016
cr846,2013 - 2014,2015 - 2016
ps489,2013 - 2014,2015 - 2016
mg720,2013 - 2014,2015 - 2016
rr318,2013 - 2014,2015 - 2016
gn783,2013 - 2014,2015 - 2016
bm376,2013 - 2014,2015 - 2016
je269,2013 - 2014,2015 - 2016
mg359,2013 - 2014,2015 - 2016
ja840,2013 - 2014,2015 - 2016
nb838,2013 - 2014,2015 - 2016
vr434,2013 - 2014,2015 - 2016
dc527,2013 - 2014,2015 - 2016
ag933,2013 - 2014,2015 - 2016
pb519,2013 - 2014,2015 - 2016
ms902,2013 - 2014,2015 - 2016
fb641,2013 - 2014,2015 - 2016
rs834,2013 - 2014,2015 - 2016
as699,2013 - 2014,2015 - 2016
mv750,2013 - 2014,2015 - 2016
jg250,2013 - 2014,2015 - 2016
bp747,2013 - 2014,2015 - 2016
tm213,2013 - 2014,2015 - 2016
jd106,2013 - 2014,2015 - 2016
lw237,2013 - 2014,2015 - 2016
bw744,2013 - 2014,2015 - 2016
dc223,2013 - 2014,2015 - 2016
cs129,2013 - 2014,2015 - 2016
rs776,2013 - 2014,2015 - 2016
hg225,2013 - 2014,2015 - 2016
hh363,2013 - 2014,2015 - 2016
jh349,2013 - 2014,2015 - 2016
cf444,2013 - 2014,2015 - 2016
ah258,2013 - 2014,2015 - 2016
bc991,2013 - 2014,2015 - 2016
lw136,2013 - 2014,2015 - 2016
dc635,2013 - 2014,2015 - 2016
tt563,2013 - 2014,2015 - 2016
rs503,2013 - 2014,2015 - 2016
lg904,2013 - 2014,2015 - 2016
la580,2013 - 2014,2015 - 2016
mh802,2013 - 2014,2015 - 2016
ew141,2013 - 2014,2015 - 2016
jm450,2013 - 2014,2015 - 2016
jh224,2013 - 2014,2015 - 2016
rd667,2013 - 2014,2015 - 2016
ah241,2014 - 2015,2016 - 2017
rw923,2014 - 2015,2016 - 2017
cb957,2014 - 2015,2016 - 2017
bp926,2014 - 2015,2016 - 2017
tt332,2014 - 2015,2016 - 2017
mw767,2014 - 2015,2016 - 2017
jb437,2014 - 2015,2016 - 2017
aa558,2014 - 2015,2016 - 2017
mp539,2014 - 2015,2016 - 2017
sb705,2014 - 2015,2016 - 2017
em961,2014 - 2015,2016 - 2017
pb171,2014 - 2015,2016 - 2017
ld657,2014 - 2015,2016 - 2017
jj855,2014 - 2015,2016 - 2017
ep352,2014 - 2015,2016 - 2017
kb119,2014 - 2015,2016 - 2017
eh902,2014 - 2015,2016 - 2017
jw487,2014 - 2015,2016 - 2017
af591,2014 - 2015,2016 - 2017
gc946,2014 - 2015,2016 - 2017
an366,2014 - 2015,2016 - 2017
eb710,2014 - 2015,2016 - 2017
jr490,2014 - 2015,2016 - 2017
dw821,2014 - 2015,2016 - 2017
pc120,2014 - 2015,2016 - 2017
cd917,2014 - 2015,2016 - 2017
jy927,2014 - 2015,2016 - 2017
kk446,2014 - 2015,2016 - 2017
gm948,2014 - 2015,2016 - 2017
en528,2014 - 2015,2016 - 2017
ml745,2014 - 2015,2016 - 2017
ah166,2014 - 2015,2016 - 2017
as755,2014 - 2015,2016 - 2017
jc738,2014 - 2015,2016 - 2017
wg283,2014 - 2015,2016 - 2017
as304,2014 - 2015,2016 - 2017
ai106,2014 - 2015,2016 - 2017
mc673,2014 - 2015,2016 - 2017
em987,2014 - 2015,2016 - 2017
sh561,2014 - 2015,2016 - 2017
al656,2014 - 2015,2016 - 2017
kb635,2014 - 2015,2016 - 2017
ed272,2014 - 2015,2016 - 2017
mc815,2014 - 2015,2016 - 2017
af357,2014 - 2015,2016 - 2017
bm550,2014 - 2015,2016 - 2017
ml652,2014 - 2015,2016 - 2017
an855,2014 - 2015,2016 - 2017
jl194,2014 - 2015,2016 - 2017
dc365,2014 - 2015,2016 - 2017
rk491,2014 - 2015,2016 - 2017
rj904,2014 - 2015,2016 - 2017
jt654,2014 - 2015,2016 - 2017
cj813,2014 - 2015,2016 - 2017
sh485,2014 - 2015,2016 - 2017
cb260,2014 - 2015,2016 - 2017
bf245,2014 - 2015,2016 - 2017
cj815,2014 - 2015,2016 - 2017
ds788,2014 - 2015,2016 - 2017
jh993,2014 - 2015,2016 - 2017
ag793,2014 - 2015,2016 - 2017
cw126,2014 - 2015,2016 - 2017
re514,2014 - 2015,2016 - 2017
nb720,2014 - 2015,2016 - 2017
cs319,2014 - 2015,2016 - 2017
cd795,2014 - 2015,2016 - 2017
jo395,2014 - 2015,2016 - 2017
mm497,2014 - 2015,2016 - 2017
sm194,2014 - 2015,2016 - 2017
dm663,2014 - 2015,2016 - 2017
km880,2014 - 2015,2016 - 2017
vp508,2014 - 2015,2016 - 2017
am619,2014 - 2015,2016 - 2017
kv489,2014 - 2015,2016 - 2017
th723,2014 - 2015,2016 - 2017
jb811,2014 - 2015,2016 - 2017
pp574,2014 - 2015,2016 - 2017
nr127,2014 - 2015,2016 - 2017
bb668,2014 - 2015,2016 - 2017
ll943,2014 - 2015,2016 - 2017
sg697,2014 - 2015,2016 - 2017
kg212,2014 - 2015,2016 - 2017
ak377,2014 - 2015,2016 - 2017
mh884,2014 - 2015,2016 - 2017
jp898,2014 - 2015,2016 - 2017
ls753,2014 - 2015,2016 - 2017
dm700,2014 - 2015,2016 - 2017
dm745,2014 - 2015,2016 - 2017
gc904,2014 - 2015,2016 - 2017
sc322,2014 - 2015,2016 - 2017
rh547,2014 - 2015,2016 - 2017
ar259,2014 - 2015,2016 - 2017
rm354,2014 - 2015,2016 - 2017
ms501,2014 - 2015,2016 - 2017
np825,2014 - 2015,2016 - 2017
bg694,2014 - 2015,2016 - 2017
ck102,2014 - 2015,2016 - 2017
jw811,2014 - 2015,2016 - 2017
jd636,2014 - 2015,2016 - 2017
cm864,2014 - 2015,2016 - 2017
bw671,2014 - 2015,2016 - 2017
jf311,2014 - 2015,2016 - 2017
br518,2014 - 2015,2016 - 2017
km963,2014 - 2015,2016 - 2017
gg636,2014 - 2015,2016 - 2017
mj553,2014 - 2015,2016 - 2017
jw515,2014 - 2015,2016 - 2017
ah935,2014 - 2015,2016 - 2017
kh115,2014 - 2015,2016 - 2017
ty183,2014 - 2015,2016 - 2017
kn720,2014 - 2015,2016 - 2017
pc515,2014 - 2015,2016 - 2017
th768,2014 - 2015,2016 - 2017
mm260,2014 - 2015,2016 - 2017
pm339,2014 - 2015,2016 - 2017
jr220,2014 - 2015,2016 - 2017
ac542,2014 - 2015,2016 - 2017
dc547,2014 - 2015,2016 - 2017
jd180,2014 - 2015,2016 - 2017
ep693,2014 - 2015,2016 - 2017
cm910,2014 - 2015,2016 - 2017
pv813,2014 - 2015,2016 - 2017
nn462,2014 - 2015,2016 - 2017
kf272,2014 - 2015,2016 - 2017
jh466,2014 - 2015,2016 - 2017
re120,2014 - 2015,2016 - 2017
wm871,2014 - 2015,2016 - 2017
rc607,2014 - 2015,2016 - 2017
es933,2014 - 2015,2016 - 2017
ds572,2014 - 2015,2016 - 2017
jk392,2014 - 2015,2016 - 2017
jb183,2014 - 2015,2016 - 2017
tj475,2014 - 2015,2016 - 2017
jl398,2014 - 2015,2016 - 2017
ss467,2014 - 2015,2016 - 2017
cm620,2014 - 2015,2016 - 2017
ag384,2014 - 2015,2016 - 2017
rb346,2014 - 2015,2016 - 2017
kc713,2014 - 2015,2016 - 2017
jc760,2014 - 2015,2016 - 2017
ks931,2014 - 2015,2016 - 2017
ac539,2014 - 2015,2016 - 2017
gp538,2014 - 2015,2016 - 2017
ab144,2014 - 2015,2016 - 2017
jt689,2014 - 2015,2016 - 2017
cw378,2014 - 2015,2016 - 2017
jr279,2014 - 2015,2016 - 2017
ld974,2014 - 2015,2016 - 2017
sw788,2014 - 2015,2016 - 2017
tp658,2014 - 2015,2016 - 2017
je325,2014 - 2015,2016 - 2017
tm885,2014 - 2015,2016 - 2017
jp629,2014 - 2015,2016 - 2017
al829,2015 - 2016,2017 - 2018
mj111,2015 - 2016,2017 - 2018
rj893,2015 - 2016,2017 - 2018
ds826,2015 - 2016,2017 - 2018
td672,2015 - 2016,2017 - 2018
bs769,2015 - 2016,2017 - 2018
sp408,2015 - 2016,2017 - 2018
ph685,2015 - 2016,2017 - 2018
cp900,2015 - 2016,2017 - 2018
rl551,2015 - 2016,2017 - 2018
aa991,2015 - 2016,2017 - 2018
ss476,2015 - 2016,2017 - 2018
mf142,2015 - 2016,2017 - 2018
lm935,2015 - 2016,2017 - 2018
jj236,2015 - 2016,2017 - 2018
av146,2015 - 2016,2017 - 2018
ss688,2015 - 2016,2017 - 2018
am650,2015 - 2016,2017 - 2018
cb311,2015 - 2016,2017 - 2018
cc343,2015 - 2016,2017 - 2018
as841,2015 - 2016,2017 - 2018
ss537,2015 - 2016,2017 - 2018
mg808,2015 - 2016,2017 - 2018
bc599,2015 - 2016,2017 - 2018
th388,2015 - 2016,2017 - 2018
ds450,2015 - 2016,2017 - 2018
kr293,2015 - 2016,2017 - 2018
jg316,2015 - 2016,2017 - 2018
jc140,2015 - 2016,2017 - 2018
es318,2015 - 2016,2017 - 2018
lp268,2015 - 2016,2017 - 2018
bh750,2015 - 2016,2017 - 2018
bd769,2015 - 2016,2017 - 2018
eg152,2015 - 2016,2017 - 2018
tj377,2015 - 2016,2017 - 2018
bm956,2015 - 2016,2017 - 2018
kh428,2015 - 2016,2017 - 2018
ta909,2015 - 2016,2017 - 2018
zp177,2015 - 2016,2017 - 2018
mr631,2015 - 2016,2017 - 2018
mb714,2015 - 2016,2017 - 2018
jc321,2015 - 2016,2017 - 2018
dj603,2015 - 2016,2017 - 2018
kg855,2015 - 2016,2017 - 2018
ja847,2015 - 2016,2017 - 2018
lt119,2015 - 2016,2017 - 2018
cs997,2015 - 2016,2017 - 2018
kc450,2015 - 2016,2017 - 2018
sm109,2015 - 2016,2017 - 2018
kw429,2015 - 2016,2017 - 2018
js410,2015 - 2016,2017 - 2018
jg119,2015 - 2016,2017 - 2018
dl739,2015 - 2016,2017 - 2018
hm509,2015 - 2016,2017 - 2018
kw233,2015 - 2016,2017 - 2018
jc184,2015 - 2016,2017 - 2018
yp141,2015 - 2016,2017 - 2018
ms672,2015 - 2016,2017 - 2018
ms991,2015 - 2016,2017 - 2018
mb337,2015 - 2016,2017 - 2018
dh954,2015 - 2016,2017 - 2018
ao862,2015 - 2016,2017 - 2018
cj244,2015 - 2016,2017 - 2018
ah468,2015 - 2016,2017 - 2018
jl852,2015 - 2016,2017 - 2018
sr521,2015 - 2016,2017 - 2018
ar580,2015 - 2016,2017 - 2018
eh395,2015 - 2016,2017 - 2018
mt678,2015 - 2016,2017 - 2018
kc709,2015 - 2016,2017 - 2018
cd866,2015 - 2016,2017 - 2018
tw328,2015 - 2016,2017 - 2018
jw528,2015 - 2016,2017 - 2018
dg785,2015 - 2016,2017 - 2018
ks110,2015 - 2016,2017 - 2018
jm921,2015 - 2016,2017 - 2018
br409,2015 - 2016,2017 - 2018
sm288,2015 - 2016,2017 - 2018
sm243,2015 - 2016,2017 - 2018
wh510,2015 - 2016,2017 - 2018
va730,2015 - 2016,2017 - 2018
jw403,2015 - 2016,2017 - 2018
ts507,2015 - 2016,2017 - 2018
jj118,2015 - 2016,2017 - 2018
jt230,2015 - 2016,2017 - 2018
md858,2015 - 2016,2017 - 2018
db944,2015 - 2016,2017 - 2018
ka983,2015 - 2016,2017 - 2018
cd125,2015 - 2016,2017 - 2018
nr436,2015 - 2016,2017 - 2018
sc617,2015 - 2016,2017 - 2018
dm938,2015 - 2016,2017 - 2018
mm919,2015 - 2016,2017 - 2018
bc583,2015 - 2016,2017 - 2018
cs930,2015 - 2016,2017 - 2018
lb900,2015 - 2016,2017 - 2018
lh521,2015 - 2016,2017 - 2018
av394,2015 - 2016,2017 - 2018
cw240,2015 - 2016,2017 - 2018
jn954,2015 - 2016,2017 - 2018
dm233,2015 - 2016,2017 - 2018
mt575,2015 - 2016,2017 - 2018
wk210,2015 - 2016,2017 - 2018
wg991,2015 - 2016,2017 - 2018
kg988,2015 - 2016,2017 - 2018
jr407,2015 - 2016,2017 - 2018
sb961,2015 - 2016,2017 - 2018
st517,2015 - 2016,2017 - 2018
ro133,2015 - 2016,2017 - 2018
sd610,2015 - 2016,2017 - 2018
cf272,2015 - 2016,2017 - 2018
km276,2015 - 2016,2017 - 2018
mh624,2015 - 2016,2017 - 2018
rn263,2015 - 2016,2017 - 2018
kp152,2015 - 2016,2017 - 2018
ej553,2015 - 2016,2017 - 2018
ms333,2015 - 2016,2017 - 2018
ds872,2015 - 2016,2017 - 2018
dp231,2015 - 2016,2017 - 2018
ks702,2015 - 2016,2017 - 2018
db819,2015 - 2016,2017 - 2018
md134,2015 - 2016,2017 - 2018
op656,2015 - 2016,2017 - 2018
eb382,2015 - 2016,2017 - 2018
mw181,2015 - 2016,2017 - 2018
gm673,2015 - 2016,2017 - 2018
el275,2015 - 2016,2017 - 2018
bm516,2015 - 2016,2017 - 2018
rr496,2015 - 2016,2017 - 2018
jr974,2015 - 2016,2017 - 2018
bg431,2015 - 2016,2017 - 2018
wl651,2015 - 2016,2017 - 2018
jb554,2015 - 2016,2017 - 2018
em330,2015 - 2016,2017 - 2018
kg686,2015 - 2016,2017 - 2018
vb817,2015 - 2016,2017 - 2018
df408,2015 - 2016,2017 - 2018
rd427,2015 - 2016,2017 - 2018
ls904,2015 - 2016,2017 - 2018
pj208,2015 - 2016,2017 - 2018
mc335,2015 - 2016,2017 - 2018
jo999,2015 - 2016,2017 - 2018
rb748,2015 - 2016,2017 - 2018
bw265,2015 - 2016,2017 - 2018
tp434,2015 - 2016,2017 - 2018
dj424,2015 - 2016,2017 - 2018
cd336,2015 - 2016,2017 - 2018
sh920,2015 - 2016,2017 - 2018
jc111,2015 - 2016,2017 - 2018
ww320,2015 - 2016,2017 - 2018
lw683,2015 - 2016,2017 - 2018
ta335,2015 - 2016,2017 - 2018
jb644,2015 - 2016,2017 - 2018
dl233,2015 - 2016,2017 - 2018
kh126,2015 - 2016,2017 - 2018
ap466,2016 - 2017,2018 - 2019
cm139,2016 - 2017,2018 - 2019
bm685,2016 - 2017,2018 - 2019
tw422,2016 - 2017,2018 - 2019
ws823,2016 - 2017,2018 - 2019
al223,2016 - 2017,2018 - 2019
er690,2016 - 2017,2018 - 2019
jm204,2016 - 2017,2018 - 2019
da269,2016 - 2017,2018 - 2019
dh631,2016 - 2017,2018 - 2019
ah748,2016 - 2017,2018 - 2019
mb956,2016 - 2017,2018 - 2019
ac971,2016 - 2017,2018 - 2019
ms227,2016 - 2017,2018 - 2019
aj770,2016 - 2017,2018 - 2019
ag292,2016 - 2017,2018 - 2019
ah234,2016 - 2017,2018 - 2019
da938,2016 - 2017,2018 - 2019
sc995,2016 - 2017,2018 - 2019
ss235,2016 - 2017,2018 - 2019
ag534,2016 - 2017,2018 - 2019
ah129,2016 - 2017,2018 - 2019
rn154,2016 - 2017,2018 - 2019
et618,2016 - 2017,2018 - 2019
jm955,2016 - 2017,2018 - 2019
nm566,2016 - 2017,2018 - 2019
ts858,2016 - 2017,2018 - 2019
jt942,2016 - 2017,2018 - 2019
cm567,2016 - 2017,2018 - 2019
dh609,2016 - 2017,2018 - 2019
ch871,2016 - 2017,2018 - 2019
ar746,2016 - 2017,2018 - 2019
sd949,2016 - 2017,2018 - 2019
gb216,2016 - 2017,2018 - 2019
tl495,2016 - 2017,2018 - 2019
lp840,2016 - 2017,2018 - 2019
sg561,2016 - 2017,2018 - 2019
jc486,2016 - 2017,2018 - 2019
mc380,2016 - 2017,2018 - 2019
jm475,2016 - 2017,2018 - 2019
kl970,2016 - 2017,2018 - 2019
rm795,2016 - 2017,2018 - 2019
bs218,2016 - 2017,2018 - 2019
hm122,2016 - 2017,2018 - 2019
kr558,2016 - 2017,2018 - 2019
tf291,2016 - 2017,2018 - 2019
em368,2016 - 2017,2018 - 2019
jj459,2016 - 2017,2018 - 2019
ts330,2016 - 2017,2018 - 2019
dp729,2016 - 2017,2018 - 2019
ms236,2016 - 2017,2018 - 2019
cb583,2016 - 2017,2018 - 2019
rt402,2016 - 2017,2018 - 2019
mj546,2016 - 2017,2018 - 2019
bp261,2016 - 2017,2018 - 2019
ks833,2016 - 2017,2018 - 2019
ak453,2016 - 2017,2018 - 2019
jw270,2016 - 2017,2018 - 2019
lm920,2016 - 2017,2018 - 2019
as744,2016 - 2017,2018 - 2019
wk460,2016 - 2017,2018 - 2019
jd169,2016 - 2017,2018 - 2019
jr614,2016 - 2017,2018 - 2019
dm607,2016 - 2017,2018 - 2019
ah945,2016 - 2017,2018 - 2019
ld732,2016 - 2017,2018 - 2019
bs737,2016 - 2017,2018 - 2019
jl824,2016 - 2017,2018 - 2019
tb646,2016 - 2017,2018 - 2019
tt424,2016 - 2017,2018 - 2019
sc638,2016 - 2017,2018 - 2019
dd249,2016 - 2017,2018 - 2019
cg379,2016 - 2017,2018 - 2019
mh977,2016 - 2017,2018 - 2019
rh690,2016 - 2017,2018 - 2019
dj163,2016 - 2017,2018 - 2019
js111,2016 - 2017,2018 - 2019
jc159,2016 - 2017,2018 - 2019
kk997,2016 - 2017,2018 - 2019
cy239,2016 - 2017,2018 - 2019
ah661,2016 - 2017,2018 - 2019
ss473,2016 - 2017,2018 - 2019
db883,2016 - 2017,2018 - 2019
rr846,2016 - 2017,2018 - 2019
kj244,2016 - 2017,2018 - 2019
ja881,2016 - 2017,2018 - 2019
th440,2016 - 2017,2018 - 2019
jm441,2016 - 2017,2018 - 2019
nr135,2016 - 2017,2018 - 2019
gw198,2016 - 2017,2018 - 2019
tt321,2016 - 2017,2018 - 2019
mt733,2016 - 2017,2018 - 2019
wn211,2016 - 2017,2018 - 2019
jr267,2016 - 2017,2018 - 2019
kw111,2016 - 2017,2018 - 2019
ml263,2016 - 2017,2018 - 2019
sr363,2016 - 2017,2018 - 2019
rh964,2016 - 2017,2018 - 2019
ma969,2016 - 2017,2018 - 2019
el426,2016 - 2017,2018 - 2019
dm353,2016 - 2017,2018 - 2019
dt900,2016 - 2017,2018 - 2019
mt460,2016 - 2017,2018 - 2019
jw406,2016 - 2017,2018 - 2019
rm515,2016 - 2017,2018 - 2019
mh186,2016 - 2017,2018 - 2019
mc457,2016 - 2017,2018 - 2019
mg484,2016 - 2017,2018 - 2019
jc577,2016 - 2017,2018 - 2019
jl811,2016 - 2017,2018 - 2019
dh170,2016 - 2017,2018 - 2019
ca410,2016 - 2017,2018 - 2019
df386,2016 - 2017,2018 - 2019
jb930,2016 - 2017,2018 - 2019
jt257,2016 - 2017,2018 - 2019
dm705,2016 - 2017,2018 - 2019
sj749,2016 - 2017,2018 - 2019
kb332,2016 - 2017,2018 - 2019
bp904,2016 - 2017,2018 - 2019
rw858,2016 - 2017,2018 - 2019
br463,2016 - 2017,2018 - 2019
js218,2016 - 2017,2018 - 2019
pg870,2016 - 2017,2018 - 2019
jv641,2016 - 2017,2018 - 2019
sc165,2016 - 2017,2018 - 2019
cf109,2016 - 2017,2018 - 2019
do574,2016 - 2017,2018 - 2019
jr290,2016 - 2017,2018 - 2019
la647,2016 - 2017,2018 - 2019
nw589,2016 - 2017,2018 - 2019
sw584,2016 - 2017,2018 - 2019
jp403,2016 - 2017,2018 - 2019
jm849,2016 - 2017,2018 - 2019
jm689,2016 - 2017,2018 - 2019
jb242,2016 - 2017,2018 - 2019
og704,2016 - 2017,2018 - 2019
cd810,2016 - 2017,2018 - 2019
jw215,2016 - 2017,2018 - 2019
bc465,2016 - 2017,2018 - 2019
sk404,2016 - 2017,2018 - 2019
lh762,2016 - 2017,2018 - 2019
jh480,2016 - 2017,2018 - 2019
ln272,2016 - 2017,2018 - 2019
jp667,2016 - 2017,2018 - 2019
ks204,2016 - 2017,2018 - 2019
dw343,2016 - 2017,2018 - 2019
sh363,2016 - 2017,2018 - 2019
jf152,2016 - 2017,2018 - 2019
ps477,2016 - 2017,2018 - 2019
jp744,2016 - 2017,2018 - 2019
gs343,2016 - 2017,2018 - 2019
pf980,2016 - 2017,2018 - 2019
sb604,2016 - 2017,2018 - 2019
wb422,2016 - 2017,2018 - 2019
js289,2016 - 2017,2018 - 2019
eh959,2016 - 2017,2018 - 2019
ts992,2016 - 2017,2018 - 2019
md746,2016 - 2017,2018 - 2019
kl789,2017 - 2018,2019 - 2020
jm917,2017 - 2018,2019 - 2020
gw297,2017 - 2018,2019 - 2020
fs604,2017 - 2018,2019 - 2020
aw771,2017 - 2018,2019 - 2020
mw852,2017 - 2018,2019 - 2020
mk338,2017 - 2018,2019 - 2020
km879,2017 - 2018,2019 - 2020
lb283,2017 - 2018,2019 - 2020
rm685,2017 - 2018,2019 - 2020
bc522,2017 - 2018,2019 - 2020
ag849,2017 - 2018,2019 - 2020
pm549,2017 - 2018,2019 - 2020
da163,2017 - 2018,2019 - 2020
br135,2017 - 2018,2019 - 2020
bv476,2017 - 2018,2019 - 2020
rc935,2017 - 2018,2019 - 2020
jb460,2017 - 2018,2019 - 2020
jm154,2017 - 2018,2019 - 2020
lo891,2017 - 2018,2019 - 2020
rw598,2017 - 2018,2019 - 2020
sm148,2017 - 2018,2019 - 2020
cs987,2017 - 2018,2019 - 2020
bw255,2017 - 2018,2019 - 2020
tl276,2017 - 2018,2019 - 2020
ps815,2017 - 2018,2019 - 2020
jk529,2017 - 2018,2019 - 2020
mt432,2017 - 2018,2019 - 2020
cs996,2017 - 2018,2019 - 2020
kw834,2017 - 2018,2019 - 2020
jc174,2017 - 2018,2019 - 2020
ma386,2017 - 2018,2019 - 2020
dr122,2017 - 2018,2019 - 2020
ar167,2017 - 2018,2019 - 2020
rj528,2017 - 2018,2019 - 2020
sa464,2017 - 2018,2019 - 2020
be531,2017 - 2018,2019 - 2020
sd709,2017 - 2018,2019 - 2020
tl939,2017 - 2018,2019 - 2020
ha703,2017 - 2018,2019 - 2020
ap101,2017 - 2018,2019 - 2020
dp112,2017 - 2018,2019 - 2020
rf586,2017 - 2018,2019 - 2020
ms270,2017 - 2018,2019 - 2020
jk218,2017 - 2018,2019 - 2020
rc965,2017 - 2018,2019 - 2020
bk104,2017 - 2018,2019 - 2020
mp301,2017 - 2018,2019 - 2020
cm362,2017 - 2018,2019 - 2020
sk226,2017 - 2018,2019 - 2020
tw440,2017 - 2018,2019 - 2020
pe146,2017 - 2018,2019 - 2020
rc421,2017 - 2018,2019 - 2020
af207,2017 - 2018,2019 - 2020
la341,2017 - 2018,2019 - 2020
bh825,2017 - 2018,2019 - 2020
ar586,2017 - 2018,2019 - 2020
jm825,2017 - 2018,2019 - 2020
mm906,2017 - 2018,2019 - 2020
bs915,2017 - 2018,2019 - 2020
hc743,2017 - 2018,2019 - 2020
ch521,2017 - 2018,2019 - 2020
aw982,2017 - 2018,2019 - 2020
rw832,2017 - 2018,2019 - 2020
cb255,2017 - 2018,2019 - 2020
tm756,2017 - 2018,2019 - 2020
df872,2017 - 2018,2019 - 2020
cb941,2017 - 2018,2019 - 2020
jr112,2017 - 2018,2019 - 2020
kr952,2017 - 2018,2019 - 2020
mc983,2017 - 2018,2019 - 2020
jc503,2017 - 2018,2019 - 2020
dw258,2017 - 2018,2019 - 2020
mh809,2017 - 2018,2019 - 2020
cf571,2017 - 2018,2019 - 2020
en131,2017 - 2018,2019 - 2020
tw142,2017 - 2018,2019 - 2020
nb326,2017 - 2018,2019 - 2020
tm353,2017 - 2018,2019 - 2020
wm967,2017 - 2018,2019 - 2020
tb755,2017 - 2018,2019 - 2020
mj174,2017 - 2018,2019 - 2020
tr429,2017 - 2018,2019 - 2020
tk680,2017 - 2018,2019 - 2020
wb638,2017 - 2018,2019 - 2020
sv589,2017 - 2018,2019 - 2020
rs198,2017 - 2018,2019 - 2020
jb889,2017 - 2018,2019 - 2020
wg853,2017 - 2018,2019 - 2020
sm150,2017 - 2018,2019 - 2020
bb558,2017 - 2018,2019 - 2020
jh739,2017 - 2018,2019 - 2020
km166,2017 - 2018,2019 - 2020
tl249,2017 - 2018,2019 - 2020
ec723,2017 - 2018,2019 - 2020
rb966,2017 - 2018,2019 - 2020
lj895,2017 - 2018,2019 - 2020
pp326,2017 - 2018,2019 - 2020
mc705,2017 - 2018,2019 - 2020
tm368,2017 - 2018,2019 - 2020
sm313,2017 - 2018,2019 - 2020
ca496,2017 - 2018,2019 - 2020
aw149,2017 - 2018,2019 - 2020
ej970,2017 - 2018,2019 - 2020
kh281,2017 - 2018,2019 - 2020
am528,2017 - 2018,2019 - 2020
as558,2017 - 2018,2019 - 2020
ha684,2017 - 2018,2019 - 2020
bb675,2017 - 2018,2019 - 2020
jb281,2017 - 2018,2019 - 2020
hp949,2017 - 2018,2019 - 2020
kr841,2017 - 2018,2019 - 2020
kk677,2017 - 2018,2019 - 2020
af666,2017 - 2018,2019 - 2020
tb103,2017 - 2018,2019 - 2020
ah987,2017 - 2018,2019 - 2020
nw672,2017 - 2018,2019 - 2020
ts300,2017 - 2018,2019 - 2020
nv194,2017 - 2018,2019 - 2020
at776,2017 - 2018,2019 - 2020
as563,2017 - 2018,2019 - 2020
kj525,2017 - 2018,2019 - 2020
mp151,2017 - 2018,2019 - 2020
mg114,2017 - 2018,2019 - 2020
gc184,2017 - 2018,2019 - 2020
mo127,2017 - 2018,2019 - 2020
sc489,2017 - 2018,2019 - 2020
jn434,2017 - 2018,2019 - 2020
km852,2017 - 2018,2019 - 2020
lw166,2017 - 2018,2019 - 2020
ky310,2017 - 2018,2019 - 2020
lc295,2017 - 2018,2019 - 2020
kw876,2017 - 2018,2019 - 2020
mc988,2017 - 2018,2019 - 2020
ta917,2017 - 2018,2019 - 2020
at619,2017 - 2018,2019 - 2020
bh473,2017 - 2018,2019 - 2020
dw288,2017 - 2018,2019 - 2020
wr517,2017 - 2018,2019 - 2020
rr123,2017 - 2018,2019 - 2020
jf806,2017 - 2018,2019 - 2020
go638,2017 - 2018,2019 - 2020
tr991,2017 - 2018,2019 - 2020
ph502,2017 - 2018,2019 - 2020
dr901,2017 - 2018,2019 - 2020
jt348,2017 - 2018,2019 - 2020
am352,2017 - 2018,2019 - 2020
kh216,2017 - 2018,2019 - 2020
tm959,2017 - 2018,2019 - 2020
mz995,2017 - 2018,2019 - 2020
hr802,2017 - 2018,2019 - 2020
kh430,2017 - 2018,2019 - 2020
tl877,2017 - 2018,2019 - 2020
jm753,2017 - 2018,2019 - 2020
sk996,2017 - 2018,2019 - 2020
bg328,2017 - 2018,2019 - 2020
cd908,2018 - 2019,2020 - 2021
db681,2018 - 2019,2020 - 2021
gm659,2018 - 2019,2020 - 2021
tb105,2018 - 2019,2020 - 2021
nw602,2018 - 2019,2020 - 2021
bv550,2018 - 2019,2020 - 2021
sw412,2018 - 2019,2020 - 2021
sa349,2018 - 2019,2020 - 2021
ws493,2018 - 2019,2020 - 2021
ch888,2018 - 2019,2020 - 2021
dw750,2018 - 2019,2020 - 2021
jp527,2018 - 2019,2020 - 2021
km813,2018 - 2019,2020 - 2021
lc824,2018 - 2019,2020 - 2021
mw907,2018 - 2019,2020 - 2021
ib664,2018 - 2019,2020 - 2021
df142,2018 - 2019,2020 - 2021
cp132,2018 - 2019,2020 - 2021
rw306,2018 - 2019,2020 - 2021
kd398,2018 - 2019,2020 - 2021
lt548,2018 - 2019,2020 - 2021
as840,2018 - 2019,2020 - 2021
rc431,2018 - 2019,2020 - 2021
td830,2018 - 2019,2020 - 2021
sb453,2018 - 2019,2020 - 2021
gc645,2018 - 2019,2020 - 2021
ac140,2018 - 2019,2020 - 2021
rm167,2018 - 2019,2020 - 2021
ah706,2018 - 2019,2020 - 2021
gm107,2018 - 2019,2020 - 2021
hh620,2018 - 2019,2020 - 2021
rb349,2018 - 2019,2020 - 2021
kn185,2018 - 2019,2020 - 2021
ec844,2018 - 2019,2020 - 2021
js741,2018 - 2019,2020 - 2021
mp145,2018 - 2019,2020 - 2021
sd863,2018 - 2019,2020 - 2021
sm420,2018 - 2019,2020 - 2021
dp823,2018 - 2019,2020 - 2021
cw721,2018 - 2019,2020 - 2021
jw633,2018 - 2019,2020 - 2021
hb839,2018 - 2019,2020 - 2021
rc598,2018 - 2019,2020 - 2021
sg348,2018 - 2019,2020 - 2021
rw191,2018 - 2019,2020 - 2021
ac709,2018 - 2019,2020 - 2021
mr822,2018 - 2019,2020 - 2021
ct567,2018 - 2019,2020 - 2021
tw685,2018 - 2019,2020 - 2021
dp307,2018 - 2019,2020 - 2021
lp252,2018 - 2019,2020 - 2021
bs691,2018 - 2019,2020 - 2021
jc943,2018 - 2019,2020 - 2021
cw805,2018 - 2019,2020 - 2021
cd160,2018 - 2019,2020 - 2021
tp839,2018 - 2019,2020 - 2021
ww926,2018 - 2019,2020 - 2021
kv688,2018 - 2019,2020 - 2021
nw315,2018 - 2019,2020 - 2021
mc758,2018 - 2019,2020 - 2021
tc294,2018 - 2019,2020 - 2021
bs515,2018 - 2019,2020 - 2021
tw821,2018 - 2019,2020 - 2021
rw652,2018 - 2019,2020 - 2021
mr858,2018 - 2019,2020 - 2021
dh297,2018 - 2019,2020 - 2021
nw739,2018 - 2019,2020 - 2021
jb919,2018 - 2019,2020 - 2021
jb538,2018 - 2019,2020 - 2021
tc266,2018 - 2019,2020 - 2021
jn484,2018 - 2019,2020 - 2021
ms275,2018 - 2019,2020 - 2021
jb152,2018 - 2019,2020 - 2021
jm680,2018 - 2019,2020 - 2021
jc383,2018 - 2019,2020 - 2021
ls483,2018 - 2019,2020 - 2021
mw403,2018 - 2019,2020 - 2021
cg955,2018 - 2019,2020 - 2021
gt671,2018 - 2019,2020 - 2021
js668,2018 - 2019,2020 - 2021
ch144,2018 - 2019,2020 - 2021
jc195,2018 - 2019,2020 - 2021
nh424,2018 - 2019,2020 - 2021
bm441,2018 - 2019,2020 - 2021
sw997,2018 - 2019,2020 - 2021
tc620,2018 - 2019,2020 - 2021
ar733,2018 - 2019,2020 - 2021
mm337,2018 - 2019,2020 - 2021
tr820,2018 - 2019,2020 - 2021
rm341,2018 - 2019,2020 - 2021
dc701,2018 - 2019,2020 - 2021
de890,2018 - 2019,2020 - 2021
vw681,2018 - 2019,2020 - 2021
af961,2018 - 2019,2020 - 2021
jm945,2018 - 2019,2020 - 2021
hs101,2018 - 2019,2020 - 2021
kw317,2018 - 2019,2020 - 2021
jw188,2018 - 2019,2020 - 2021
sb270,2018 - 2019,2020 - 2021
jc355,2018 - 2019,2020 - 2021
kp804,2018 - 2019,2020 - 2021
mc976,2018 - 2019,2020 - 2021
cc819,2018 - 2019,2020 - 2021
jm709,2018 - 2019,2020 - 2021
nb903,2018 - 2019,2020 - 2021
ds474,2018 - 2019,2020 - 2021
ma129,2018 - 2019,2020 - 2021
hs889,2018 - 2019,2020 - 2021
sy910,2018 - 2019,2020 - 2021
mw984,2018 - 2019,2020 - 2021
ms237,2018 - 2019,2020 - 2021
mc240,2018 - 2019,2020 - 2021
jc153,2018 - 2019,2020 - 2021
ct738,2018 - 2019,2020 - 2021
fp819,2018 - 2019,2020 - 2021
cf325,2018 - 2019,2020 - 2021
jh276,2018 - 2019,2020 - 2021
dh652,2018 - 2019,2020 - 2021
nw836,2018 - 2019,2020 - 2021
ld135,2018 - 2019,2020 - 2021
gg871,2018 - 2019,2020 - 2021
vr371,2018 - 2019,2020 - 2021
ad951,2018 - 2019,2020 - 2021
sm111,2018 - 2019,2020 - 2021
mh861,2018 - 2019,2020 - 2021
am106,2018 - 2019,2020 - 2021
tg854,2018 - 2019,2020 - 2021
ma176,2018 - 2019,2020 - 2021
sm572,2018 - 2019,2020 - 2021
jh336,2018 - 2019,2020 - 2021
os619,2018 - 2019,2020 - 2021
bm542,2018 - 2019,2020 - 2021
ww806,2018 - 2019,2020 - 2021
hb547,2018 - 2019,2020 - 2021
tc847,2018 - 2019,2020 - 2021
kh269,2018 - 2019,2020 - 2021
rl693,2018 - 2019,2020 - 2021
ml131,2018 - 2019,2020 - 2021
js379,2018 - 2019,2020 - 2021
jg956,2018 - 2019,2020 - 2021
dc332,2018 - 2019,2020 - 2021
mm746,2018 - 2019,2020 - 2021
vr101,2018 - 2019,2020 - 2021
ct985,2018 - 2019,2020 - 2021
st877,2018 - 2019,2020 - 2021
ja975,2019 - 2020,2021 - 2022
fd397,2019 - 2020,2021 - 2022
sm258,2019 - 2020,2021 - 2022
kf992,2019 - 2020,2021 - 2022
ma366,2019 - 2020,2021 - 2022
em240,2019 - 2020,2021 - 2022
lw755,2019 - 2020,2021 - 2022
ar977,2019 - 2020,2021 - 2022
tb834,2019 - 2020,2021 - 2022
tt403,2019 - 2020,2021 - 2022
jb864,2019 - 2020,2021 - 2022
ab167,2019 - 2020,2021 - 2022
dw204,2019 - 2020,2021 - 2022
km274,2019 - 2020,2021 - 2022
lr660,2019 - 2020,2021 - 2022
kh849,2019 - 2020,2021 - 2022
mj623,2019 - 2020,2021 - 2022
jw594,2019 - 2020,2021 - 2022
sw602,2019 - 2020,2021 - 2022
tp836,2019 - 2020,2021 - 2022
zw525,2019 - 2020,2021 - 2022
cn319,2019 - 2020,2021 - 2022
ro487,2019 - 2020,2021 - 2022
mm203,2019 - 2020,2021 - 2022
sh233,2019 - 2020,2021 - 2022
mc409,2019 - 2020,2021 - 2022
cr910,2019 - 2020,2021 - 2022
mb514,2019 - 2020,2021 - 2022
rp634,2019 - 2020,2021 - 2022
am133,2019 - 2020,2021 - 2022
so684,2019 - 2020,2021 - 2022
ls307,2019 - 2020,2021 - 2022
el534,2019 - 2020,2021 - 2022
mf571,2019 - 2020,2021 - 2022
am358,2019 - 2020,2021 - 2022
aa959,2019 - 2020,2021 - 2022
jf524,2019 - 2020,2021 - 2022
as934,2019 - 2020,2021 - 2022
jm628,2019 - 2020,2021 - 2022
wj897,2019 - 2020,2021 - 2022
sw359,2019 - 2020,2021 - 2022
df152,2019 - 2020,2021 - 2022
cb359,2019 - 2020,2021 - 2022
as825,2019 - 2020,2021 - 2022
sr856,2019 - 2020,2021 - 2022
kh242,2019 - 2020,2021 - 2022
kh308,2019 - 2020,2021 - 2022
jm282,2019 - 2020,2021 - 2022
mj709,2019 - 2020,2021 - 2022
js821,2019 - 2020,2021 - 2022
ev894,2019 - 2020,2021 - 2022
rp135,2019 - 2020,2021 - 2022
jh476,2019 - 2020,2021 - 2022
ap192,2019 - 2020,2021 - 2022
md434,2019 - 2020,2021 - 2022
rh578,2019 - 2020,2021 - 2022
cc823,2019 - 2020,2021 - 2022
aj274,2019 - 2020,2021 - 2022
jb608,2019 - 2020,2021 - 2022
mm244,2019 - 2020,2021 - 2022
rm902,2019 - 2020,2021 - 2022
tw363,2019 - 2020,2021 - 2022
cb827,2019 - 2020,2021 - 2022
mp930,2019 - 2020,2021 - 2022
cp895,2019 - 2020,2021 - 2022
jh484,2019 - 2020,2021 - 2022
pp771,2019 - 2020,2021 - 2022
jp547,2019 - 2020,2021 - 2022
tf471,2019 - 2020,2021 - 2022
rr179,2019 - 2020,2021 - 2022
bo675,2019 - 2020,2021 - 2022
bd868,2019 - 2020,2021 - 2022
ja249,2019 - 2020,2021 - 2022
sw453,2019 - 2020,2021 - 2022
jj445,2019 - 2020,2021 - 2022
ms201,2019 - 2020,2021 - 2022
cp318,2019 - 2020,2021 - 2022
jg931,2019 - 2020,2021 - 2022
aw752,2019 - 2020,2021 - 2022
pt971,2019 - 2020,2021 - 2022
ad179,2019 - 2020,2021 - 2022
ch261,2019 - 2020,2021 - 2022
jc286,2019 - 2020,2021 - 2022
tm645,2019 - 2020,2021 - 2022
mb350,2019 - 2020,2021 - 2022
tj374,2019 - 2020,2021 - 2022
tr941,2019 - 2020,2021 - 2022
es431,2019 - 2020,2021 - 2022
jm604,2019 - 2020,2021 - 2022
ad163,2019 - 2020,2021 - 2022
sc680,2019 - 2020,2021 - 2022
kg734,2019 - 2020,2021 - 2022
cm553,2019 - 2020,2021 - 2022
cl303,2019 - 2020,2021 - 2022
ed861,2019 - 2020,2021 - 2022
vw213,2019 - 2020,2021 - 2022
ta287,2019 - 2020,2021 - 2022
km602,2019 - 2020,2021 - 2022
sg648,2019 - 2020,2021 - 2022
jn879,2019 - 2020,2021 - 2022
mr527,2019 - 2020,2021 - 2022
ms520,2019 - 2020,2021 - 2022
th432,2019 - 2020,2021 - 2022
jm627,2019 - 2020,2021 - 2022
wm563,2019 - 2020,2021 - 2022
dt197,2019 - 2020,2021 - 2022
bf110,2019 - 2020,2021 - 2022
jc511,2019 - 2020,2021 - 2022
sm711,2019 - 2020,2021 - 2022
ef710,2019 - 2020,2021 - 2022
tc253,2019 - 2020,2021 - 2022
tg347,2019 - 2020,2021 - 2022
cl831,2019 - 2020,2021 - 2022
pn196,2019 - 2020,2021 - 2022
am764,2019 - 2020,2021 - 2022
cn739,2019 - 2020,2021 - 2022
nc828,2019 - 2020,2021 - 2022
hk703,2019 - 2020,2021 - 2022
mt448,2019 - 2020,2021 - 2022
jm623,2019 - 2020,2021 - 2022
ds102,2019 - 2020,2021 - 2022
kw218,2019 - 2020,2021 - 2022
mc192,2019 - 2020,2021 - 2022
nn571,2019 - 2020,2021 - 2022
cj376,2019 - 2020,2021 - 2022
mm934,2019 - 2020,2021 - 2022
kn687,2019 - 2020,2021 - 2022
my176,2019 - 2020,2021 - 2022
gn205,2019 - 2020,2021 - 2022
th729,2019 - 2020,2021 - 2022
cp984,2019 - 2020,2021 - 2022
tt634,2019 - 2020,2021 - 2022
ja160,2019 - 2020,2021 - 2022
nm370,2019 - 2020,2021 - 2022
af208,2019 - 2020,2021 - 2022
cd701,2019 - 2020,2021 - 2022
ks925,2019 - 2020,2021 - 2022
dr221,2019 - 2020,2021 - 2022
mm169,2019 - 2020,2021 - 2022
pf219,2019 - 2020,2021 - 2022
rl445,2019 - 2020,2021 - 2022
as722,2019 - 2020,2021 - 2022
rj123,2019 - 2020,2021 - 2022
jc325,2019 - 2020,2021 - 2022
sn605,2019 - 2020,2021 - 2022
se551,2019 - 2020,2021 - 2022
jm538,2019 - 2020,2021 - 2022
ej602,2019 - 2020,2021 - 2022
ks599,2019 - 2020,2021 - 2022
lw869,2019 - 2020,2021 - 2022
tm824,2019 - 2020,2021 - 2022
sc604,2019 - 2020,2021 - 2022
dm100,2019 - 2020,2021 - 2022
ar609,2019 - 2020,2021 - 2022
sb343,2019 - 2020,2021 - 2022
gm215,2019 - 2020,2021 - 2022
cb136,2019 - 2020,2021 - 2022
bm172,2019 - 2020,2021 - 2022
bb117,2019 - 2020,2021 - 2022
rm331,2020 - 2021,2022 - 2023
bm863,2020 - 2021,2022 - 2023
dl160,2020 - 2021,2022 - 2023
vc846,2020 - 2021,2022 - 2023
cm110,2020 - 2021,2022 - 2023
jh676,2020 - 2021,2022 - 2023
tp849,2020 - 2021,2022 - 2023
lh857,2020 - 2021,2022 - 2023
dl126,2020 - 2021,2022 - 2023
ss653,2020 - 2021,2022 - 2023
sh141,2020 - 2021,2022 - 2023
ls438,2020 - 2021,2022 - 2023
vk695,2020 - 2021,2022 - 2023
jy308,2020 - 2021,2022 - 2023
kc308,2020 - 2021,2022 - 2023
bp160,2020 - 2021,2022 - 2023
sr221,2020 - 2021,2022 - 2023
rb927,2020 - 2021,2022 - 2023
cs226,2020 - 2021,2022 - 2023
sb636,2020 - 2021,2022 - 2023
vh618,2020 - 2021,2022 - 2023
bj523,2020 - 2021,2022 - 2023
ds857,2020 - 2021,2022 - 2023
cn563,2020 - 2021,2022 - 2023
cf940,2020 - 2021,2022 - 2023
lh912,2020 - 2021,2022 - 2023
cc187,2020 - 2021,2022 - 2023
jj265,2020 - 2021,2022 - 2023
jc751,2020 - 2021,2022 - 2023
nn352,2020 - 2021,2022 - 2023
ne619,2020 - 2021,2022 - 2023
br203,2020 - 2021,2022 - 2023
lf123,2020 - 2021,2022 - 2023
mk374,2020 - 2021,2022 - 2023
vm563,2020 - 2021,2022 - 2023
kc798,2020 - 2021,2022 - 2023
kj223,2020 - 2021,2022 - 2023
tw243,2020 - 2021,2022 - 2023
sd824,2020 - 2021,2022 - 2023
dc897,2020 - 2021,2022 - 2023
te111,2020 - 2021,2022 - 2023
sd149,2020 - 2021,2022 - 2023
mg243,2020 - 2021,2022 - 2023
me623,2020 - 2021,2022 - 2023
bh925,2020 - 2021,2022 - 2023
cn595,2020 - 2021,2022 - 2023
nm212,2020 - 2021,2022 - 2023
ht281,2020 - 2021,2022 - 2023
cc192,2020 - 2021,2022 - 2023
ck854,2020 - 2021,2022 - 2023
ab176,2020 - 2021,2022 - 2023
hg151,2020 - 2021,2022 - 2023
sa400,2020 - 2021,2022 - 2023
pt682,2020 - 2021,2022 - 2023
ap979,2020 - 2021,2022 - 2023
sm781,2020 - 2021,2022 - 2023
cm439,2020 - 2021,2022 - 2023
vb584,2020 - 2021,2022 - 2023
bb862,2020 - 2021,2022 - 2023
tb305,2020 - 2021,2022 - 2023
sd609,2020 - 2021,2022 - 2023
kg377,2020 - 2021,2022 - 2023
dv827,2020 - 2021,2022 - 2023
nr769,2020 - 2021,2022 - 2023
db850,2020 - 2021,2022 - 2023
cw463,2020 - 2021,2022 - 2023
vp434,2020 - 2021,2022 - 2023
rh860,2020 - 2021,2022 - 2023
mb854,2020 - 2021,2022 - 2023
lr512,2020 - 2021,2022 - 2023
am572,2020 - 2021,2022 - 2023
re600,2020 - 2021,2022 - 2023
ah629,2020 - 2021,2022 - 2023
jr910,2020 - 2021,2022 - 2023
bw130,2020 - 2021,2022 - 2023
rp676,2020 - 2021,2022 - 2023
cg148,2020 - 2021,2022 - 2023
pw623,2020 - 2021,2022 - 2023
wo790,2020 - 2021,2022 - 2023
cm636,2020 - 2021,2022 - 2023
sg222,2020 - 2021,2022 - 2023
cd465,2020 - 2021,2022 - 2023
dw113,2020 - 2021,2022 - 2023
ar453,2020 - 2021,2022 - 2023
ea778,2020 - 2021,2022 - 2023
jr225,2020 - 2021,2022 - 2023
so739,2020 - 2021,2022 - 2023
ta407,2020 - 2021,2022 - 2023
cg741,2020 - 2021,2022 - 2023
jw494,2020 - 2021,2022 - 2023
rd341,2020 - 2021,2022 - 2023
kb436,2020 - 2021,2022 - 2023
sr305,2020 - 2021,2022 - 2023
mb593,2020 - 2021,2022 - 2023
cm586,2020 - 2021,2022 - 2023
ms382,2020 - 2021,2022 - 2023
pu150,2020 - 2021,2022 - 2023
as929,2020 - 2021,2022 - 2023
jf563,2020 - 2021,2022 - 2023
th247,2020 - 2021,2022 - 2023
sw678,2020 - 2021,2022 - 2023
km398,2020 - 2021,2022 - 2023
dd844,2020 - 2021,2022 - 2023
jf403,2020 - 2021,2022 - 2023
cm136,2020 - 2021,2022 - 2023
rp129,2020 - 2021,2022 - 2023
aa643,2020 - 2021,2022 - 2023
as879,2020 - 2021,2022 - 2023
ad249,2020 - 2021,2022 - 2023
cl787,2020 - 2021,2022 - 2023
tj353,2020 - 2021,2022 - 2023
km740,2020 - 2021,2022 - 2023
eh297,2020 - 2021,2022 - 2023
dj559,2020 - 2021,2022 - 2023
jt342,2020 - 2021,2022 - 2023
eh753,2020 - 2021,2022 - 2023
mc659,2020 - 2021,2022 - 2023
rr759,2020 - 2021,2022 - 2023
jj646,2020 - 2021,2022 - 2023
aa167,2020 - 2021,2022 - 2023
rj212,2020 - 2021,2022 - 2023
pw174,2020 - 2021,2022 - 2023
eb504,2020 - 2021,2022 - 2023
mc145,2020 - 2021,2022 - 2023
cm884,2020 - 2021,2022 - 2023
jb574,2020 - 2021,2022 - 2023
mh199,2020 - 2021,2022 - 2023
wg714,2020 - 2021,2022 - 2023
bp281,2020 - 2021,2022 - 2023
kr500,2020 - 2021,2022 - 2023
jj402,2020 - 2021,2022 - 2023
hn708,2020 - 2021,2022 - 2023
jw236,2020 - 2021,2022 - 2023
kw591,2020 - 2021,2022 - 2023
al349,2020 - 2021,2022 - 2023
dl328,2020 - 2021,2022 - 2023
hb599,2020 - 2021,2022 - 2023
rk933,2020 - 2021,2022 - 2023
jk783,2020 - 2021,2022 - 2023
cc437,2020 - 2021,2022 - 2023
fj319,2020 - 2021,2022 - 2023
cg812,2020 - 2021,2022 - 2023
et208,2020 - 2021,2022 - 2023
dt982,2020 - 2021,2022 - 2023
dd724,2020 - 2021,2022 - 2023
as461,2020 - 2021,2022 - 2023
am557,2021 - 2022,2023 - 2024
aj478,2021 - 2022,2023 - 2024
jt291,2021 - 2022,2023 - 2024
sg802,2021 - 2022,2023 - 2024
kw999,2021 - 2022,2023 - 2024
cr874,2021 - 2022,2023 - 2024
jg518,2021 - 2022,2023 - 2024
kb255,2021 - 2022,2023 - 2024
mp888,2021 - 2022,2023 - 2024
bh461,2021 - 2022,2023 - 2024
sw150,2021 - 2022,2023 - 2024
bm950,2021 - 2022,2023 - 2024
js854,2021 - 2022,2023 - 2024
ch708,2021 - 2022,2023 - 2024
co332,2021 - 2022,2023 - 2024
lh325,2021 - 2022,2023 - 2024
td945,2021 - 2022,2023 - 2024
js208,2021 - 2022,2023 - 2024
mc365,2021 - 2022,2023 - 2024
jp699,2021 - 2022,2023 - 2024
jr333,2021 - 2022,2023 - 2024
se310,2021 - 2022,2023 - 2024
ll172,2021 - 2022,2023 - 2024
mm517,2021 - 2022,2023 - 2024
jg171,2021 - 2022,2023 - 2024
ns912,2021 - 2022,2023 - 2024
jh509,2021 - 2022,2023 - 2024
rr640,2021 - 2022,2023 - 2024
ra651,2021 - 2022,2023 - 2024
bs620,2021 - 2022,2023 - 2024
td843,2021 - 2022,2023 - 2024
aw594,2021 - 2022,2023 - 2024
wy582,2021 - 2022,2023 - 2024
ar935,2021 - 2022,2023 - 2024
dr571,2021 - 2022,2023 - 2024
tj138,2021 - 2022,2023 - 2024
rp279,2021 - 2022,2023 - 2024
pw218,2021 - 2022,2023 - 2024
kh193,2021 - 2022,2023 - 2024
em283,2021 - 2022,2023 - 2024
bc559,2021 - 2022,2023 - 2024
se216,2021 - 2022,2023 - 2024
ab739,2021 - 2022,2023 - 2024
kg946,2021 - 2022,2023 - 2024
th757,2021 - 2022,2023 - 2024
jm190,2021 - 2022,2023 - 2024
lj167,2021 - 2022,2023 - 2024
ac420,2021 - 2022,2023 - 2024
lg780,2021 - 2022,2023 - 2024
sa721,2021 - 2022,2023 - 2024
km601,2021 - 2022,2023 - 2024
jb142,2021 - 2022,2023 - 2024
dm632,2021 - 2022,2023 - 2024
as632,2021 - 2022,2023 - 2024
ta279,2021 - 2022,2023 - 2024
mp621,2021 - 2022,2023 - 2024
me324,2021 - 2022,2023 - 2024
no774,2021 - 2022,2023 - 2024
ca636,2021 - 2022,2023 - 2024
sg756,2021 - 2022,2023 - 2024
db573,2021 - 2022,2023 - 2024
mn959,2021 - 2022,2023 - 2024
wl263,2021 - 2022,2023 - 2024
tb800,2021 - 2022,2023 - 2024
rs383,2021 - 2022,2023 - 2024
tl956,2021 - 2022,2023 - 2024
ck149,2021 - 2022,2023 - 2024
nb399,2021 - 2022,2023 - 2024
im943,2021 - 2022,2023 - 2024
jw680,2021 - 2022,2023 - 2024
mm649,2021 - 2022,2023 - 2024
dl364,2021 - 2022,2023 - 2024
cm428,2021 - 2022,2023 - 2024
jc956,2021 - 2022,2023 - 2024
jd803,2021 - 2022,2023 - 2024
cr493,2021 - 2022,2023 - 2024
jh392,2021 - 2022,2023 - 2024
cc637,2021 - 2022,2023 - 2024
ky493,2021 - 2022,2023 - 2024
mh824,2021 - 2022,2023 - 2024
ab969,2021 - 2022,2023 - 2024
pc981,2021 - 2022,2023 - 2024
ew788,2021 - 2022,2023 - 2024
jy193,2021 - 2022,2023 - 2024
dm831,2021 - 2022,2023 - 2024
ms452,2021 - 2022,2023 - 2024
lc900,2021 - 2022,2023 - 2024
rm435,2021 - 2022,2023 - 2024
ek212,2021 - 2022,2023 - 2024
jw754,2021 - 2022,2023 - 2024
as557,2021 - 2022,2023 - 2024
rr324,2021 - 2022,2023 - 2024
ib686,2021 - 2022,2023 - 2024
ks543,2021 - 2022,2023 - 2024
ac506,2021 - 2022,2023 - 2024
sp109,2021 - 2022,2023 - 2024
mp296,2021 - 2022,2023 - 2024
av714,2021 - 2022,2023 - 2024
rd881,2021 - 2022,2023 - 2024
tb634,2021 - 2022,2023 - 2024
kw274,2021 - 2022,2023 - 2024
ke433,2021 - 2022,2023 - 2024
db605,2021 - 2022,2023 - 2024
gr748,2021 - 2022,2023 - 2024
pc724,2021 - 2022,2023 - 2024
ag215,2021 - 2022,2023 - 2024
ej724,2021 - 2022,2023 - 2024
hb787,2021 - 2022,2023 - 2024
cf636,2021 - 2022,2023 - 2024
rl920,2021 - 2022,2023 - 2024
ll495,2021 - 2022,2023 - 2024
ag640,2021 - 2022,2023 - 2024
bj566,2021 - 2022,2023 - 2024
cc143,2021 - 2022,2023 - 2024
mw842,2021 - 2022,2023 - 2024
kb690,2021 - 2022,2023 - 2024
mm112,2021 - 2022,2023 - 2024
tl424,2021 - 2022,2023 - 2024
pj554,2021 - 2022,2023 - 2024
db594,2021 - 2022,2023 - 2024
bm663,2021 - 2022,2023 - 2024
mr415,2021 - 2022,2023 - 2024
ar912,2021 - 2022,2023 - 2024
pr232,2021 - 2022,2023 - 2024
bd982,2021 - 2022,2023 - 2024
tp215,2021 - 2022,2023 - 2024
he363,2021 - 2022,2023 - 2024
jh733,2021 - 2022,2023 - 2024
ew266,2021 - 2022,2023 - 2024
me872,2021 - 2022,2023 - 2024
kf313,2021 - 2022,2023 - 2024
sc232,2021 - 2022,2023 - 2024
br709,2021 - 2022,2023 - 2024
dk986,2021 - 2022,2023 - 2024
sb661,2021 - 2022,2023 - 2024
jb593,2021 - 2022,2023 - 2024
as224,2021 - 2022,2023 - 2024
cb327,2021 - 2022,2023 - 2024
dw870,2021 - 2022,2023 - 2024
mw568,2021 - 2022,2023 - 2024
jf546,2021 - 2022,2023 - 2024
jh204,2021 - 2022,2023 - 2024
bw518,2021 - 2022,2023 - 2024
hc377,2021 - 2022,2023 - 2024
jw925,2021 - 2022,2023 - 2024
vs580,2021 - 2022,2023 - 2024
ja658,2021 - 2022,2023 - 2024
ah785,2021 - 2022,2023 - 2024
ag371,2021 - 2022,2023 - 2024
mb383,2021 - 2022,2023 - 2024
lw339,2021 - 2022,2023 - 2024
jk148,2021 - 2022,2023 - 2024
bk164,2021 - 2022,2023 - 2024
cw801,2021 - 2022,2023 - 2024
dh942,2021 - 2022,2023 - 2024
lp870,2022 - 2023,2024 - 2025
jp906,2022 - 2023,2024 - 2025
lj252,2022 - 2023,2024 - 2025
vo832,2022 - 2023,2024 - 2025
jp536,2022 - 2023,2024 - 2025
rl445,2022 - 2023,2024 - 2025
sj674,2022 - 2023,2024 - 2025
cm785,2022 - 2023,2024 - 2025
dp845,2022 - 2023,2024 - 2025
jh222,2022 - 2023,2024 - 2025
ds703,2022 - 2023,2024 - 2025
bw396,2022 - 2023,2024 - 2025
jl418,2022 - 2023,2024 - 2025
sf640,2022 - 2023,2024 - 2025
jf696,2022 - 2023,2024 - 2025
br197,2022 - 2023,2024 - 2025
yd131,2022 - 2023,2024 - 2025
sb334,2022 - 2023,2024 - 2025
ja786,2022 - 2023,2024 - 2025
cl630,2022 - 2023,2024 - 2025
jn232,2022 - 2023,2024 - 2025
pb779,2022 - 2023,2024 - 2025
bc829,2022 - 2023,2024 - 2025
sc541,2022 - 2023,2024 - 2025
sb134,2022 - 2023,2024 - 2025
mr644,2022 - 2023,2024 - 2025
km256,2022 - 2023,2024 - 2025
jf248,2022 - 2023,2024 - 2025
dr711,2022 - 2023,2024 - 2025
sh280,2022 - 2023,2024 - 2025
wp254,2022 - 2023,2024 - 2025
kb123,2022 - 2023,2024 - 2025
jg921,2022 - 2023,2024 - 2025
sn191,2022 - 2023,2024 - 2025
ms506,2022 - 2023,2024 - 2025
lh972,2022 - 2023,2024 - 2025
kg234,2022 - 2023,2024 - 2025
dp597,2022 - 2023,2024 - 2025
sc348,2022 - 2023,2024 - 2025
ns629,2022 - 2023,2024 - 2025
al363,2022 - 2023,2024 - 2025
ab611,2022 - 2023,2024 - 2025
ar958,2022 - 2023,2024 - 2025
kj327,2022 - 2023,2024 - 2025
tp778,2022 - 2023,2024 - 2025
ep411,2022 - 2023,2024 - 2025
kb922,2022 - 2023,2024 - 2025
mm905,2022 - 2023,2024 - 2025
es389,2022 - 2023,2024 - 2025
am777,2022 - 2023,2024 - 2025
kf451,2022 - 2023,2024 - 2025
am391,2022 - 2023,2024 - 2025
jb284,2022 - 2023,2024 - 2025
ka245,2022 - 2023,2024 - 2025
cs521,2022 - 2023,2024 - 2025
bw986,2022 - 2023,2024 - 2025
rr412,2022 - 2023,2024 - 2025
jr631,2022 - 2023,2024 - 2025
cc799,2022 - 2023,2024 - 2025
rr821,2022 - 2023,2024 - 2025
bb367,2022 - 2023,2024 - 2025
sc390,2022 - 2023,2024 - 2025
hj464,2022 - 2023,2024 - 2025
cg243,2022 - 2023,2024 - 2025
ms820,2022 - 2023,2024 - 2025
ks392,2022 - 2023,2024 - 2025
br554,2022 - 2023,2024 - 2025
ca610,2022 - 2023,2024 - 2025
ms929,2022 - 2023,2024 - 2025
ml387,2022 - 2023,2024 - 2025
cw584,2022 - 2023,2024 - 2025
cb630,2022 - 2023,2024 - 2025
kg692,2022 - 2023,2024 - 2025
po870,2022 - 2023,2024 - 2025
sl459,2022 - 2023,2024 - 2025
fm452,2022 - 2023,2024 - 2025
sg130,2022 - 2023,2024 - 2025
ld494,2022 - 2023,2024 - 2025
dm192,2022 - 2023,2024 - 2025
wt988,2022 - 2023,2024 - 2025
js981,2022 - 2023,2024 - 2025
kg535,2022 - 2023,2024 - 2025
mb115,2022 - 2023,2024 - 2025
cg210,2022 - 2023,2024 - 2025
cs669,2022 - 2023,2024 - 2025
kf476,2022 - 2023,2024 - 2025
mj692,2022 - 2023,2024 - 2025
sc254,2022 - 2023,2024 - 2025
jh641,2022 - 2023,2024 - 2025
ss359,2022 - 2023,2024 - 2025
th506,2022 - 2023,2024 - 2025
sr215,2022 - 2023,2024 - 2025
jb459,2022 - 2023,2024 - 2025
gc866,2022 - 2023,2024 - 2025
je628,2022 - 2023,2024 - 2025
mm673,2022 - 2023,2024 - 2025
ot747,2022 - 2023,2024 - 2025
sw276,2022 - 2023,2024 - 2025
mm657,2022 - 2023,2024 - 2025
sc190,2022 - 2023,2024 - 2025
kh411,2022 - 2023,2024 - 2025
rd803,2022 - 2023,2024 - 2025
kt531,2022 - 2023,2024 - 2025
tl409,2022 - 2023,2024 - 2025
ch195,2022 - 2023,2024 - 2025
cb847,2022 - 2023,2024 - 2025
ts954,2022 - 2023,2024 - 2025
mf895,2022 - 2023,2024 - 2025
ef657,2022 - 2023,2024 - 2025
bc471,2022 - 2023,2024 - 2025
pv852,2022 - 2023,2024 - 2025
jm275,2022 - 2023,2024 - 2025
ss147,2022 - 2023,2024 - 2025
jj541,2022 - 2023,2024 - 2025
ml585,2022 - 2023,2024 - 2025
jm628,2022 - 2023,2024 - 2025
ao497,2022 - 2023,2024 - 2025
vp956,2022 - 2023,2024 - 2025
jm696,2022 - 2023,2024 - 2025
dh655,2022 - 2023,2024 - 2025
sf213,2022 - 2023,2024 - 2025
rd763,2022 - 2023,2024 - 2025
ys829,2022 - 2023,2024 - 2025
jw686,2022 - 2023,2024 - 2025
tp734,2022 - 2023,2024 - 2025
rh881,2022 - 2023,2024 - 2025
ls570,2022 - 2023,2024 - 2025
dp681,2022 - 2023,2024 - 2025
jc821,2022 - 2023,2024 - 2025
jr139,2022 - 2023,2024 - 2025
md926,2022 - 2023,2024 - 2025
kd582,2022 - 2023,2024 - 2025
wj503,2022 - 2023,2024 - 2025
kc218,2022 - 2023,2024 - 2025
ac211,2022 - 2023,2024 - 2025
aw747,2022 - 2023,2024 - 2025
cl971,2022 - 2023,2024 - 2025
mw719,2022 - 2023,2024 - 2025
br725,2022 - 2023,2024 - 2025
dh755,2022 - 2023,2024 - 2025
bj861,2022 - 2023,2024 - 2025
dc335,2022 - 2023,2024 - 2025
jw529,2022 - 2023,2024 - 2025
jb818,2022 - 2023,2024 - 2025
mh449,2022 - 2023,2024 - 2025
kc814,2022 - 2023,2024 - 2025
wl238,2022 - 2023,2024 - 2025
jm831,2022 - 2023,2024 - 2025
jd974,2022 - 2023,2024 - 2025
js600,2022 - 2023,2024 - 2025
ec588,2022 - 2023,2024 - 2025
nl516,2022 - 2023,2024 - 2025
